﻿<?xml version="1.0" encoding="UTF-8"?>

<manifest identifier="course_manifest" version="1.0.0"
          xmlns="http://www.imsproject.org/xsd/imscp_rootv1p1p2"
          xmlns:adlcp="http://www.adlnet.org/xsd/adlcp_rootv1p2"
          xmlns:xsi="http://www.w3.org/2001/XMLSchema-instance"
          xsi:schemaLocation="http://www.imsproject.org/xsd/imscp_rootv1p1p2 imscp_rootv1p1p2.xsd
                              http://www.imsglobal.org/xsd/imsmd_rootv1p2p1 imsmd_rootv1p2p1.xsd
                              http://www.adlnet.org/xsd/adlcp_rootv1p2 adlcp_rootv1p2.xsd">

<organizations default="course">
<organization identifier="course" structure="hierarchical">
<title>HTML5</title>
<item identifier="HTML5" identifierref="R_HTML5" isvisible="true">
<title>HTML5</title>
<metadata>
<schema>ADL SCORM</schema>
<schemaversion>1.2</schemaversion>
<adlcp:location>metadata.xml</adlcp:location>
</metadata>
<adlcp:datafromlms>SecPercentile=4#</adlcp:datafromlms>
<adlcp:masteryscore>80</adlcp:masteryscore>
</item>
<metadata>
<schema>ADL SCORM</schema>
<schemaversion>1.2</schemaversion>
<adlcp:location>metadata.xml</adlcp:location>
</metadata>
</organization>
</organizations>

<resources>
<resource identifier="R_HTML5" type="webcontent" adlcp:scormtype="sco" href="scormlaunch.html">
<file href="imsmanifest.xml"/>
<file href='adlcp_rootv1p2.xsd'/>
<file href='app.html'/>
<file href='css/app.css'/>
<file href='css/mainmenu.css'/>
<file href='css/p0.css'/>
<file href='css/p1.css'/>
<file href='css/print.css'/>
<file href='css/screenfooter.css'/>
<file href='css/screenheader.css'/>
<file href='css/theme/smoothness/images/animated-overlay.gif'/>
<file href='css/theme/smoothness/images/ui-bg_flat_0_aaaaaa_40x100.png'/>
<file href='css/theme/smoothness/images/ui-bg_flat_75_ffffff_40x100.png'/>
<file href='css/theme/smoothness/images/ui-bg_glass_55_fbf9ee_1x400.png'/>
<file href='css/theme/smoothness/images/ui-bg_glass_65_ffffff_1x400.png'/>
<file href='css/theme/smoothness/images/ui-bg_glass_75_dadada_1x400.png'/>
<file href='css/theme/smoothness/images/ui-bg_glass_75_e6e6e6_1x400.png'/>
<file href='css/theme/smoothness/images/ui-bg_glass_95_fef1ec_1x400.png'/>
<file href='css/theme/smoothness/images/ui-bg_highlight-soft_75_cccccc_1x100.png'/>
<file href='css/theme/smoothness/images/ui-icons_222222_256x240.png'/>
<file href='css/theme/smoothness/images/ui-icons_2e83ff_256x240.png'/>
<file href='css/theme/smoothness/images/ui-icons_444444_256x240.png'/>
<file href='css/theme/smoothness/images/ui-icons_454545_256x240.png'/>
<file href='css/theme/smoothness/images/ui-icons_555555_256x240.png'/>
<file href='css/theme/smoothness/images/ui-icons_777620_256x240.png'/>
<file href='css/theme/smoothness/images/ui-icons_777777_256x240.png'/>
<file href='css/theme/smoothness/images/ui-icons_777777_256x240_1.png'/>
<file href='css/theme/smoothness/images/ui-icons_888888_256x240.png'/>
<file href='css/theme/smoothness/images/ui-icons_cc0000_256x240.png'/>
<file href='css/theme/smoothness/images/ui-icons_cd0a0a_256x240.png'/>
<file href='css/theme/smoothness/jquery-ui-min.css'/>
<file href='css/tincan.css'/>
<file href='data/5096a4c09e.json'/>
<file href='data/app.json'/>
<file href='data/prefetch.json'/>
<file href='fonts/Questrial-Regular.eot'/>
<file href='fonts/Questrial-Regular.ttf'/>
<file href='img/ajax-loader.gif'/>
<file href='img/alert-close.png'/>
<file href='img/alerta.png'/>
<file href='img/audiopause.png'/>
<file href='img/audiopausegray.png'/>
<file href='img/audioplay.png'/>
<file href='img/audioplaygray.png'/>
<file href='img/bottom-arrow.png'/>
<file href='img/correct.png'/>
<file href='img/correcto.png'/>
<file href='img/drag.png'/>
<file href='img/drag_drop.png'/>
<file href='img/edge-loader.gif'/>
<file href='img/english-image-pdf-M.jpg'/>
<file href='img/english-image-pdf-P.jpg'/>
<file href='img/english-image-pdf-horizontal.jpg'/>
<file href='img/english-image-pdf-vertical-G.jpg'/>
<file href='img/english-image-pdf-vertical.jpg'/>
<file href='img/english-image-pdf.jpg'/>
<file href='img/enter.png'/>
<file href='img/enter_movil.png'/>
<file href='img/incorrect.png'/>
<file href='img/incorrecto.png'/>
<file href='img/left-arrow.png'/>
<file href='img/logo-menu.png'/>
<file href='img/logo.png'/>
<file href='img/menu_background_1.jpg'/>
<file href='img/menu_background_mobile_1.jpg'/>
<file href='img/nav1.png'/>
<file href='img/pdf1.jpg'/>
<file href='img/reloj.png'/>
<file href='img/replay.jpeg'/>
<file href='img/right-arrow - copia.png'/>
<file href='img/right-arrow.png'/>
<file href='img/spanish-image-pdf-M.jpg'/>
<file href='img/spanish-image-pdf-P.jpg'/>
<file href='img/spanish-image-pdf-horizontal.jpg'/>
<file href='img/spanish-image-pdf-vertical-G.jpg'/>
<file href='img/spanish-image-pdf-vertical.jpg'/>
<file href='img/spanish-image-pdf.jpg'/>
<file href='img/tincan/aura_logo.png'/>
<file href='img/tincan/aura_logo02.png'/>
<file href='img/tincan/btn01_b.png'/>
<file href='img/tincan/dudas_icono.png'/>
<file href='img/tincan/dudas_icono02.png'/>
<file href='img/tincan/fondo.jpg'/>
<file href='img/tincan/fondo.png'/>
<file href='img/tincan/logo_shift.png'/>
<file href='img/tincan/logo_shift02.png'/>
<file href='img/tincan/recuadro01.png'/>
<file href='img/tincan/recuadro02.png'/>
<file href='img/toolbar/audiopause.png'/>
<file href='img/toolbar/audioplay.png'/>
<file href='img/toolbar/glossary.png'/>
<file href='img/toolbar/home.png'/>
<file href='img/toolbar/leftarrow.png'/>
<file href='img/toolbar/notes.png'/>
<file href='img/toolbar/print.png'/>
<file href='img/toolbar/rightarrow.png'/>
<file href='img/toolbar/rightarrowblink.png'/>
<file href='img/trans.gif'/>
<file href='imscp_rootv1p1p2.xsd'/>
<file href='imsmanifest.xml'/>
<file href='imsmd_rootv1p2p1.xsd'/>
<file href='js/app.js'/>
<file href='js/cropper/dist/arrow-loader.gif'/>
<file href='js/cropper/dist/cropper-controller.js'/>
<file href='js/cropper/dist/cropper.css'/>
<file href='js/cropper/dist/cropper.js'/>
<file href='js/cropper/dist/cropper.min.css'/>
<file href='js/cropper/dist/cropper.min.js'/>
<file href='js/cropper/dist/fliph.png'/>
<file href='js/cropper/dist/flipv.png'/>
<file href='js/cropper/icomoon/fonts/icomoon.eot'/>
<file href='js/cropper/icomoon/fonts/icomoon.svg'/>
<file href='js/cropper/icomoon/fonts/icomoon.ttf'/>
<file href='js/cropper/icomoon/fonts/icomoon.woff'/>
<file href='js/cropper/icomoon/style.css'/>
<file href='js/mainmenu.js'/>
<file href='js/navigation.js'/>
<file href='js/p0.js'/>
<file href='js/p1.js'/>
<file href='js/pdfjs/LICENSE'/>
<file href='js/pdfjs/build/pdf.js'/>
<file href='js/pdfjs/build/pdf.worker.js'/>
<file href='js/pdfjs/web/cmaps/78-EUC-H.bcmap'/>
<file href='js/pdfjs/web/cmaps/78-EUC-V.bcmap'/>
<file href='js/pdfjs/web/cmaps/78-H.bcmap'/>
<file href='js/pdfjs/web/cmaps/78-RKSJ-H.bcmap'/>
<file href='js/pdfjs/web/cmaps/78-RKSJ-V.bcmap'/>
<file href='js/pdfjs/web/cmaps/78-V.bcmap'/>
<file href='js/pdfjs/web/cmaps/78ms-RKSJ-H.bcmap'/>
<file href='js/pdfjs/web/cmaps/78ms-RKSJ-V.bcmap'/>
<file href='js/pdfjs/web/cmaps/83pv-RKSJ-H.bcmap'/>
<file href='js/pdfjs/web/cmaps/90ms-RKSJ-H.bcmap'/>
<file href='js/pdfjs/web/cmaps/90ms-RKSJ-V.bcmap'/>
<file href='js/pdfjs/web/cmaps/90msp-RKSJ-H.bcmap'/>
<file href='js/pdfjs/web/cmaps/90msp-RKSJ-V.bcmap'/>
<file href='js/pdfjs/web/cmaps/90pv-RKSJ-H.bcmap'/>
<file href='js/pdfjs/web/cmaps/90pv-RKSJ-V.bcmap'/>
<file href='js/pdfjs/web/cmaps/Add-H.bcmap'/>
<file href='js/pdfjs/web/cmaps/Add-RKSJ-H.bcmap'/>
<file href='js/pdfjs/web/cmaps/Add-RKSJ-V.bcmap'/>
<file href='js/pdfjs/web/cmaps/Add-V.bcmap'/>
<file href='js/pdfjs/web/cmaps/Adobe-CNS1-0.bcmap'/>
<file href='js/pdfjs/web/cmaps/Adobe-CNS1-1.bcmap'/>
<file href='js/pdfjs/web/cmaps/Adobe-CNS1-2.bcmap'/>
<file href='js/pdfjs/web/cmaps/Adobe-CNS1-3.bcmap'/>
<file href='js/pdfjs/web/cmaps/Adobe-CNS1-4.bcmap'/>
<file href='js/pdfjs/web/cmaps/Adobe-CNS1-5.bcmap'/>
<file href='js/pdfjs/web/cmaps/Adobe-CNS1-6.bcmap'/>
<file href='js/pdfjs/web/cmaps/Adobe-CNS1-UCS2.bcmap'/>
<file href='js/pdfjs/web/cmaps/Adobe-GB1-0.bcmap'/>
<file href='js/pdfjs/web/cmaps/Adobe-GB1-1.bcmap'/>
<file href='js/pdfjs/web/cmaps/Adobe-GB1-2.bcmap'/>
<file href='js/pdfjs/web/cmaps/Adobe-GB1-3.bcmap'/>
<file href='js/pdfjs/web/cmaps/Adobe-GB1-4.bcmap'/>
<file href='js/pdfjs/web/cmaps/Adobe-GB1-5.bcmap'/>
<file href='js/pdfjs/web/cmaps/Adobe-GB1-UCS2.bcmap'/>
<file href='js/pdfjs/web/cmaps/Adobe-Japan1-0.bcmap'/>
<file href='js/pdfjs/web/cmaps/Adobe-Japan1-1.bcmap'/>
<file href='js/pdfjs/web/cmaps/Adobe-Japan1-2.bcmap'/>
<file href='js/pdfjs/web/cmaps/Adobe-Japan1-3.bcmap'/>
<file href='js/pdfjs/web/cmaps/Adobe-Japan1-4.bcmap'/>
<file href='js/pdfjs/web/cmaps/Adobe-Japan1-5.bcmap'/>
<file href='js/pdfjs/web/cmaps/Adobe-Japan1-6.bcmap'/>
<file href='js/pdfjs/web/cmaps/Adobe-Japan1-UCS2.bcmap'/>
<file href='js/pdfjs/web/cmaps/Adobe-Korea1-0.bcmap'/>
<file href='js/pdfjs/web/cmaps/Adobe-Korea1-1.bcmap'/>
<file href='js/pdfjs/web/cmaps/Adobe-Korea1-2.bcmap'/>
<file href='js/pdfjs/web/cmaps/Adobe-Korea1-UCS2.bcmap'/>
<file href='js/pdfjs/web/cmaps/B5-H.bcmap'/>
<file href='js/pdfjs/web/cmaps/B5-V.bcmap'/>
<file href='js/pdfjs/web/cmaps/B5pc-H.bcmap'/>
<file href='js/pdfjs/web/cmaps/B5pc-V.bcmap'/>
<file href='js/pdfjs/web/cmaps/CNS-EUC-H.bcmap'/>
<file href='js/pdfjs/web/cmaps/CNS-EUC-V.bcmap'/>
<file href='js/pdfjs/web/cmaps/CNS1-H.bcmap'/>
<file href='js/pdfjs/web/cmaps/CNS1-V.bcmap'/>
<file href='js/pdfjs/web/cmaps/CNS2-H.bcmap'/>
<file href='js/pdfjs/web/cmaps/CNS2-V.bcmap'/>
<file href='js/pdfjs/web/cmaps/ETHK-B5-H.bcmap'/>
<file href='js/pdfjs/web/cmaps/ETHK-B5-V.bcmap'/>
<file href='js/pdfjs/web/cmaps/ETen-B5-H.bcmap'/>
<file href='js/pdfjs/web/cmaps/ETen-B5-V.bcmap'/>
<file href='js/pdfjs/web/cmaps/ETenms-B5-H.bcmap'/>
<file href='js/pdfjs/web/cmaps/ETenms-B5-V.bcmap'/>
<file href='js/pdfjs/web/cmaps/EUC-H.bcmap'/>
<file href='js/pdfjs/web/cmaps/EUC-V.bcmap'/>
<file href='js/pdfjs/web/cmaps/Ext-H.bcmap'/>
<file href='js/pdfjs/web/cmaps/Ext-RKSJ-H.bcmap'/>
<file href='js/pdfjs/web/cmaps/Ext-RKSJ-V.bcmap'/>
<file href='js/pdfjs/web/cmaps/Ext-V.bcmap'/>
<file href='js/pdfjs/web/cmaps/GB-EUC-H.bcmap'/>
<file href='js/pdfjs/web/cmaps/GB-EUC-V.bcmap'/>
<file href='js/pdfjs/web/cmaps/GB-H.bcmap'/>
<file href='js/pdfjs/web/cmaps/GB-V.bcmap'/>
<file href='js/pdfjs/web/cmaps/GBK-EUC-H.bcmap'/>
<file href='js/pdfjs/web/cmaps/GBK-EUC-V.bcmap'/>
<file href='js/pdfjs/web/cmaps/GBK2K-H.bcmap'/>
<file href='js/pdfjs/web/cmaps/GBK2K-V.bcmap'/>
<file href='js/pdfjs/web/cmaps/GBKp-EUC-H.bcmap'/>
<file href='js/pdfjs/web/cmaps/GBKp-EUC-V.bcmap'/>
<file href='js/pdfjs/web/cmaps/GBT-EUC-H.bcmap'/>
<file href='js/pdfjs/web/cmaps/GBT-EUC-V.bcmap'/>
<file href='js/pdfjs/web/cmaps/GBT-H.bcmap'/>
<file href='js/pdfjs/web/cmaps/GBT-V.bcmap'/>
<file href='js/pdfjs/web/cmaps/GBTpc-EUC-H.bcmap'/>
<file href='js/pdfjs/web/cmaps/GBTpc-EUC-V.bcmap'/>
<file href='js/pdfjs/web/cmaps/GBpc-EUC-H.bcmap'/>
<file href='js/pdfjs/web/cmaps/GBpc-EUC-V.bcmap'/>
<file href='js/pdfjs/web/cmaps/H.bcmap'/>
<file href='js/pdfjs/web/cmaps/HKdla-B5-H.bcmap'/>
<file href='js/pdfjs/web/cmaps/HKdla-B5-V.bcmap'/>
<file href='js/pdfjs/web/cmaps/HKdlb-B5-H.bcmap'/>
<file href='js/pdfjs/web/cmaps/HKdlb-B5-V.bcmap'/>
<file href='js/pdfjs/web/cmaps/HKgccs-B5-H.bcmap'/>
<file href='js/pdfjs/web/cmaps/HKgccs-B5-V.bcmap'/>
<file href='js/pdfjs/web/cmaps/HKm314-B5-H.bcmap'/>
<file href='js/pdfjs/web/cmaps/HKm314-B5-V.bcmap'/>
<file href='js/pdfjs/web/cmaps/HKm471-B5-H.bcmap'/>
<file href='js/pdfjs/web/cmaps/HKm471-B5-V.bcmap'/>
<file href='js/pdfjs/web/cmaps/HKscs-B5-H.bcmap'/>
<file href='js/pdfjs/web/cmaps/HKscs-B5-V.bcmap'/>
<file href='js/pdfjs/web/cmaps/Hankaku.bcmap'/>
<file href='js/pdfjs/web/cmaps/Hiragana.bcmap'/>
<file href='js/pdfjs/web/cmaps/KSC-EUC-H.bcmap'/>
<file href='js/pdfjs/web/cmaps/KSC-EUC-V.bcmap'/>
<file href='js/pdfjs/web/cmaps/KSC-H.bcmap'/>
<file href='js/pdfjs/web/cmaps/KSC-Johab-H.bcmap'/>
<file href='js/pdfjs/web/cmaps/KSC-Johab-V.bcmap'/>
<file href='js/pdfjs/web/cmaps/KSC-V.bcmap'/>
<file href='js/pdfjs/web/cmaps/KSCms-UHC-H.bcmap'/>
<file href='js/pdfjs/web/cmaps/KSCms-UHC-HW-H.bcmap'/>
<file href='js/pdfjs/web/cmaps/KSCms-UHC-HW-V.bcmap'/>
<file href='js/pdfjs/web/cmaps/KSCms-UHC-V.bcmap'/>
<file href='js/pdfjs/web/cmaps/KSCpc-EUC-H.bcmap'/>
<file href='js/pdfjs/web/cmaps/KSCpc-EUC-V.bcmap'/>
<file href='js/pdfjs/web/cmaps/Katakana.bcmap'/>
<file href='js/pdfjs/web/cmaps/LICENSE'/>
<file href='js/pdfjs/web/cmaps/NWP-H.bcmap'/>
<file href='js/pdfjs/web/cmaps/NWP-V.bcmap'/>
<file href='js/pdfjs/web/cmaps/RKSJ-H.bcmap'/>
<file href='js/pdfjs/web/cmaps/RKSJ-V.bcmap'/>
<file href='js/pdfjs/web/cmaps/Roman.bcmap'/>
<file href='js/pdfjs/web/cmaps/UniCNS-UCS2-H.bcmap'/>
<file href='js/pdfjs/web/cmaps/UniCNS-UCS2-V.bcmap'/>
<file href='js/pdfjs/web/cmaps/UniCNS-UTF16-H.bcmap'/>
<file href='js/pdfjs/web/cmaps/UniCNS-UTF16-V.bcmap'/>
<file href='js/pdfjs/web/cmaps/UniCNS-UTF32-H.bcmap'/>
<file href='js/pdfjs/web/cmaps/UniCNS-UTF32-V.bcmap'/>
<file href='js/pdfjs/web/cmaps/UniCNS-UTF8-H.bcmap'/>
<file href='js/pdfjs/web/cmaps/UniCNS-UTF8-V.bcmap'/>
<file href='js/pdfjs/web/cmaps/UniGB-UCS2-H.bcmap'/>
<file href='js/pdfjs/web/cmaps/UniGB-UCS2-V.bcmap'/>
<file href='js/pdfjs/web/cmaps/UniGB-UTF16-H.bcmap'/>
<file href='js/pdfjs/web/cmaps/UniGB-UTF16-V.bcmap'/>
<file href='js/pdfjs/web/cmaps/UniGB-UTF32-H.bcmap'/>
<file href='js/pdfjs/web/cmaps/UniGB-UTF32-V.bcmap'/>
<file href='js/pdfjs/web/cmaps/UniGB-UTF8-H.bcmap'/>
<file href='js/pdfjs/web/cmaps/UniGB-UTF8-V.bcmap'/>
<file href='js/pdfjs/web/cmaps/UniJIS-UCS2-H.bcmap'/>
<file href='js/pdfjs/web/cmaps/UniJIS-UCS2-HW-H.bcmap'/>
<file href='js/pdfjs/web/cmaps/UniJIS-UCS2-HW-V.bcmap'/>
<file href='js/pdfjs/web/cmaps/UniJIS-UCS2-V.bcmap'/>
<file href='js/pdfjs/web/cmaps/UniJIS-UTF16-H.bcmap'/>
<file href='js/pdfjs/web/cmaps/UniJIS-UTF16-V.bcmap'/>
<file href='js/pdfjs/web/cmaps/UniJIS-UTF32-H.bcmap'/>
<file href='js/pdfjs/web/cmaps/UniJIS-UTF32-V.bcmap'/>
<file href='js/pdfjs/web/cmaps/UniJIS-UTF8-H.bcmap'/>
<file href='js/pdfjs/web/cmaps/UniJIS-UTF8-V.bcmap'/>
<file href='js/pdfjs/web/cmaps/UniJIS2004-UTF16-H.bcmap'/>
<file href='js/pdfjs/web/cmaps/UniJIS2004-UTF16-V.bcmap'/>
<file href='js/pdfjs/web/cmaps/UniJIS2004-UTF32-H.bcmap'/>
<file href='js/pdfjs/web/cmaps/UniJIS2004-UTF32-V.bcmap'/>
<file href='js/pdfjs/web/cmaps/UniJIS2004-UTF8-H.bcmap'/>
<file href='js/pdfjs/web/cmaps/UniJIS2004-UTF8-V.bcmap'/>
<file href='js/pdfjs/web/cmaps/UniJISPro-UCS2-HW-V.bcmap'/>
<file href='js/pdfjs/web/cmaps/UniJISPro-UCS2-V.bcmap'/>
<file href='js/pdfjs/web/cmaps/UniJISPro-UTF8-V.bcmap'/>
<file href='js/pdfjs/web/cmaps/UniJISX0213-UTF32-H.bcmap'/>
<file href='js/pdfjs/web/cmaps/UniJISX0213-UTF32-V.bcmap'/>
<file href='js/pdfjs/web/cmaps/UniJISX02132004-UTF32-H.bcmap'/>
<file href='js/pdfjs/web/cmaps/UniJISX02132004-UTF32-V.bcmap'/>
<file href='js/pdfjs/web/cmaps/UniKS-UCS2-H.bcmap'/>
<file href='js/pdfjs/web/cmaps/UniKS-UCS2-V.bcmap'/>
<file href='js/pdfjs/web/cmaps/UniKS-UTF16-H.bcmap'/>
<file href='js/pdfjs/web/cmaps/UniKS-UTF16-V.bcmap'/>
<file href='js/pdfjs/web/cmaps/UniKS-UTF32-H.bcmap'/>
<file href='js/pdfjs/web/cmaps/UniKS-UTF32-V.bcmap'/>
<file href='js/pdfjs/web/cmaps/UniKS-UTF8-H.bcmap'/>
<file href='js/pdfjs/web/cmaps/UniKS-UTF8-V.bcmap'/>
<file href='js/pdfjs/web/cmaps/V.bcmap'/>
<file href='js/pdfjs/web/cmaps/WP-Symbol.bcmap'/>
<file href='js/pdfjs/web/compatibility.js'/>
<file href='js/pdfjs/web/compressed.tracemonkey-pldi-09.pdf'/>
<file href='js/pdfjs/web/debugger.js'/>
<file href='js/pdfjs/web/images/annotation-check.svg'/>
<file href='js/pdfjs/web/images/annotation-comment.svg'/>
<file href='js/pdfjs/web/images/annotation-help.svg'/>
<file href='js/pdfjs/web/images/annotation-insert.svg'/>
<file href='js/pdfjs/web/images/annotation-key.svg'/>
<file href='js/pdfjs/web/images/annotation-newparagraph.svg'/>
<file href='js/pdfjs/web/images/annotation-noicon.svg'/>
<file href='js/pdfjs/web/images/annotation-note.svg'/>
<file href='js/pdfjs/web/images/annotation-paragraph.svg'/>
<file href='js/pdfjs/web/images/findbarButton-next-rtl.png'/>
<file href='js/pdfjs/web/images/findbarButton-next-rtl@2x.png'/>
<file href='js/pdfjs/web/images/findbarButton-next.png'/>
<file href='js/pdfjs/web/images/findbarButton-next@2x.png'/>
<file href='js/pdfjs/web/images/findbarButton-previous-rtl.png'/>
<file href='js/pdfjs/web/images/findbarButton-previous-rtl@2x.png'/>
<file href='js/pdfjs/web/images/findbarButton-previous.png'/>
<file href='js/pdfjs/web/images/findbarButton-previous@2x.png'/>
<file href='js/pdfjs/web/images/grab.cur'/>
<file href='js/pdfjs/web/images/grabbing.cur'/>
<file href='js/pdfjs/web/images/loading-icon.gif'/>
<file href='js/pdfjs/web/images/loading-small.png'/>
<file href='js/pdfjs/web/images/loading-small@2x.png'/>
<file href='js/pdfjs/web/images/secondaryToolbarButton-documentProperties.png'/>
<file href='js/pdfjs/web/images/secondaryToolbarButton-documentProperties@2x.png'/>
<file href='js/pdfjs/web/images/secondaryToolbarButton-firstPage.png'/>
<file href='js/pdfjs/web/images/secondaryToolbarButton-firstPage@2x.png'/>
<file href='js/pdfjs/web/images/secondaryToolbarButton-handTool.png'/>
<file href='js/pdfjs/web/images/secondaryToolbarButton-handTool@2x.png'/>
<file href='js/pdfjs/web/images/secondaryToolbarButton-lastPage.png'/>
<file href='js/pdfjs/web/images/secondaryToolbarButton-lastPage@2x.png'/>
<file href='js/pdfjs/web/images/secondaryToolbarButton-rotateCcw.png'/>
<file href='js/pdfjs/web/images/secondaryToolbarButton-rotateCcw@2x.png'/>
<file href='js/pdfjs/web/images/secondaryToolbarButton-rotateCw.png'/>
<file href='js/pdfjs/web/images/secondaryToolbarButton-rotateCw@2x.png'/>
<file href='js/pdfjs/web/images/shadow.png'/>
<file href='js/pdfjs/web/images/texture.png'/>
<file href='js/pdfjs/web/images/toolbarButton-bookmark.png'/>
<file href='js/pdfjs/web/images/toolbarButton-bookmark@2x.png'/>
<file href='js/pdfjs/web/images/toolbarButton-download.png'/>
<file href='js/pdfjs/web/images/toolbarButton-download@2x.png'/>
<file href='js/pdfjs/web/images/toolbarButton-menuArrows.png'/>
<file href='js/pdfjs/web/images/toolbarButton-menuArrows@2x.png'/>
<file href='js/pdfjs/web/images/toolbarButton-openFile.png'/>
<file href='js/pdfjs/web/images/toolbarButton-openFile@2x.png'/>
<file href='js/pdfjs/web/images/toolbarButton-pageDown-rtl.png'/>
<file href='js/pdfjs/web/images/toolbarButton-pageDown-rtl@2x.png'/>
<file href='js/pdfjs/web/images/toolbarButton-pageDown.png'/>
<file href='js/pdfjs/web/images/toolbarButton-pageDown@2x.png'/>
<file href='js/pdfjs/web/images/toolbarButton-pageUp-rtl.png'/>
<file href='js/pdfjs/web/images/toolbarButton-pageUp-rtl@2x.png'/>
<file href='js/pdfjs/web/images/toolbarButton-pageUp.png'/>
<file href='js/pdfjs/web/images/toolbarButton-pageUp@2x.png'/>
<file href='js/pdfjs/web/images/toolbarButton-presentationMode.png'/>
<file href='js/pdfjs/web/images/toolbarButton-presentationMode@2x.png'/>
<file href='js/pdfjs/web/images/toolbarButton-print.png'/>
<file href='js/pdfjs/web/images/toolbarButton-print@2x.png'/>
<file href='js/pdfjs/web/images/toolbarButton-search.png'/>
<file href='js/pdfjs/web/images/toolbarButton-search@2x.png'/>
<file href='js/pdfjs/web/images/toolbarButton-secondaryToolbarToggle-rtl.png'/>
<file href='js/pdfjs/web/images/toolbarButton-secondaryToolbarToggle-rtl@2x.png'/>
<file href='js/pdfjs/web/images/toolbarButton-secondaryToolbarToggle.png'/>
<file href='js/pdfjs/web/images/toolbarButton-secondaryToolbarToggle@2x.png'/>
<file href='js/pdfjs/web/images/toolbarButton-sidebarToggle-rtl.png'/>
<file href='js/pdfjs/web/images/toolbarButton-sidebarToggle-rtl@2x.png'/>
<file href='js/pdfjs/web/images/toolbarButton-sidebarToggle.png'/>
<file href='js/pdfjs/web/images/toolbarButton-sidebarToggle@2x.png'/>
<file href='js/pdfjs/web/images/toolbarButton-viewAttachments.png'/>
<file href='js/pdfjs/web/images/toolbarButton-viewAttachments@2x.png'/>
<file href='js/pdfjs/web/images/toolbarButton-viewOutline-rtl.png'/>
<file href='js/pdfjs/web/images/toolbarButton-viewOutline-rtl@2x.png'/>
<file href='js/pdfjs/web/images/toolbarButton-viewOutline.png'/>
<file href='js/pdfjs/web/images/toolbarButton-viewOutline@2x.png'/>
<file href='js/pdfjs/web/images/toolbarButton-viewThumbnail.png'/>
<file href='js/pdfjs/web/images/toolbarButton-viewThumbnail@2x.png'/>
<file href='js/pdfjs/web/images/toolbarButton-zoomIn.png'/>
<file href='js/pdfjs/web/images/toolbarButton-zoomIn@2x.png'/>
<file href='js/pdfjs/web/images/toolbarButton-zoomOut.png'/>
<file href='js/pdfjs/web/images/toolbarButton-zoomOut@2x.png'/>
<file href='js/pdfjs/web/images/treeitem-collapsed-rtl.png'/>
<file href='js/pdfjs/web/images/treeitem-collapsed-rtl@2x.png'/>
<file href='js/pdfjs/web/images/treeitem-collapsed.png'/>
<file href='js/pdfjs/web/images/treeitem-collapsed@2x.png'/>
<file href='js/pdfjs/web/images/treeitem-expanded.png'/>
<file href='js/pdfjs/web/images/treeitem-expanded@2x.png'/>
<file href='js/pdfjs/web/l10n.js'/>
<file href='js/pdfjs/web/locale/ach/viewer.properties'/>
<file href='js/pdfjs/web/locale/af/viewer.properties'/>
<file href='js/pdfjs/web/locale/ak/viewer.properties'/>
<file href='js/pdfjs/web/locale/an/viewer.properties'/>
<file href='js/pdfjs/web/locale/ar/viewer.properties'/>
<file href='js/pdfjs/web/locale/as/viewer.properties'/>
<file href='js/pdfjs/web/locale/ast/viewer.properties'/>
<file href='js/pdfjs/web/locale/az/viewer.properties'/>
<file href='js/pdfjs/web/locale/be/viewer.properties'/>
<file href='js/pdfjs/web/locale/bg/viewer.properties'/>
<file href='js/pdfjs/web/locale/bn-BD/viewer.properties'/>
<file href='js/pdfjs/web/locale/bn-IN/viewer.properties'/>
<file href='js/pdfjs/web/locale/br/viewer.properties'/>
<file href='js/pdfjs/web/locale/bs/viewer.properties'/>
<file href='js/pdfjs/web/locale/ca/viewer.properties'/>
<file href='js/pdfjs/web/locale/cs/viewer.properties'/>
<file href='js/pdfjs/web/locale/csb/viewer.properties'/>
<file href='js/pdfjs/web/locale/cy/viewer.properties'/>
<file href='js/pdfjs/web/locale/da/viewer.properties'/>
<file href='js/pdfjs/web/locale/de/viewer.properties'/>
<file href='js/pdfjs/web/locale/el/viewer.properties'/>
<file href='js/pdfjs/web/locale/en-GB/viewer.properties'/>
<file href='js/pdfjs/web/locale/en-US/viewer.properties'/>
<file href='js/pdfjs/web/locale/en-ZA/viewer.properties'/>
<file href='js/pdfjs/web/locale/eo/viewer.properties'/>
<file href='js/pdfjs/web/locale/es-AR/viewer.properties'/>
<file href='js/pdfjs/web/locale/es-CL/viewer.properties'/>
<file href='js/pdfjs/web/locale/es-ES/viewer.properties'/>
<file href='js/pdfjs/web/locale/es-MX/viewer.properties'/>
<file href='js/pdfjs/web/locale/et/viewer.properties'/>
<file href='js/pdfjs/web/locale/eu/viewer.properties'/>
<file href='js/pdfjs/web/locale/fa/viewer.properties'/>
<file href='js/pdfjs/web/locale/ff/viewer.properties'/>
<file href='js/pdfjs/web/locale/fi/viewer.properties'/>
<file href='js/pdfjs/web/locale/fr/viewer.properties'/>
<file href='js/pdfjs/web/locale/fy-NL/viewer.properties'/>
<file href='js/pdfjs/web/locale/ga-IE/viewer.properties'/>
<file href='js/pdfjs/web/locale/gd/viewer.properties'/>
<file href='js/pdfjs/web/locale/gl/viewer.properties'/>
<file href='js/pdfjs/web/locale/gu-IN/viewer.properties'/>
<file href='js/pdfjs/web/locale/he/viewer.properties'/>
<file href='js/pdfjs/web/locale/hi-IN/viewer.properties'/>
<file href='js/pdfjs/web/locale/hr/viewer.properties'/>
<file href='js/pdfjs/web/locale/hu/viewer.properties'/>
<file href='js/pdfjs/web/locale/hy-AM/viewer.properties'/>
<file href='js/pdfjs/web/locale/id/viewer.properties'/>
<file href='js/pdfjs/web/locale/is/viewer.properties'/>
<file href='js/pdfjs/web/locale/it/viewer.properties'/>
<file href='js/pdfjs/web/locale/ja/viewer.properties'/>
<file href='js/pdfjs/web/locale/ka/viewer.properties'/>
<file href='js/pdfjs/web/locale/kk/viewer.properties'/>
<file href='js/pdfjs/web/locale/km/viewer.properties'/>
<file href='js/pdfjs/web/locale/kn/viewer.properties'/>
<file href='js/pdfjs/web/locale/ko/viewer.properties'/>
<file href='js/pdfjs/web/locale/ku/viewer.properties'/>
<file href='js/pdfjs/web/locale/lg/viewer.properties'/>
<file href='js/pdfjs/web/locale/lij/viewer.properties'/>
<file href='js/pdfjs/web/locale/locale.properties'/>
<file href='js/pdfjs/web/locale/lt/viewer.properties'/>
<file href='js/pdfjs/web/locale/lv/viewer.properties'/>
<file href='js/pdfjs/web/locale/mai/viewer.properties'/>
<file href='js/pdfjs/web/locale/mk/viewer.properties'/>
<file href='js/pdfjs/web/locale/ml/viewer.properties'/>
<file href='js/pdfjs/web/locale/mn/viewer.properties'/>
<file href='js/pdfjs/web/locale/mr/viewer.properties'/>
<file href='js/pdfjs/web/locale/ms/viewer.properties'/>
<file href='js/pdfjs/web/locale/my/viewer.properties'/>
<file href='js/pdfjs/web/locale/nb-NO/viewer.properties'/>
<file href='js/pdfjs/web/locale/nl/viewer.properties'/>
<file href='js/pdfjs/web/locale/nn-NO/viewer.properties'/>
<file href='js/pdfjs/web/locale/nso/viewer.properties'/>
<file href='js/pdfjs/web/locale/oc/viewer.properties'/>
<file href='js/pdfjs/web/locale/or/viewer.properties'/>
<file href='js/pdfjs/web/locale/pa-IN/viewer.properties'/>
<file href='js/pdfjs/web/locale/pl/viewer.properties'/>
<file href='js/pdfjs/web/locale/pt-BR/viewer.properties'/>
<file href='js/pdfjs/web/locale/pt-PT/viewer.properties'/>
<file href='js/pdfjs/web/locale/rm/viewer.properties'/>
<file href='js/pdfjs/web/locale/ro/viewer.properties'/>
<file href='js/pdfjs/web/locale/ru/viewer.properties'/>
<file href='js/pdfjs/web/locale/rw/viewer.properties'/>
<file href='js/pdfjs/web/locale/sah/viewer.properties'/>
<file href='js/pdfjs/web/locale/si/viewer.properties'/>
<file href='js/pdfjs/web/locale/sk/viewer.properties'/>
<file href='js/pdfjs/web/locale/sl/viewer.properties'/>
<file href='js/pdfjs/web/locale/son/viewer.properties'/>
<file href='js/pdfjs/web/locale/sq/viewer.properties'/>
<file href='js/pdfjs/web/locale/sr/viewer.properties'/>
<file href='js/pdfjs/web/locale/sv-SE/viewer.properties'/>
<file href='js/pdfjs/web/locale/sw/viewer.properties'/>
<file href='js/pdfjs/web/locale/ta/viewer.properties'/>
<file href='js/pdfjs/web/locale/ta-LK/viewer.properties'/>
<file href='js/pdfjs/web/locale/te/viewer.properties'/>
<file href='js/pdfjs/web/locale/th/viewer.properties'/>
<file href='js/pdfjs/web/locale/tl/viewer.properties'/>
<file href='js/pdfjs/web/locale/tn/viewer.properties'/>
<file href='js/pdfjs/web/locale/tr/viewer.properties'/>
<file href='js/pdfjs/web/locale/uk/viewer.properties'/>
<file href='js/pdfjs/web/locale/ur/viewer.properties'/>
<file href='js/pdfjs/web/locale/vi/viewer.properties'/>
<file href='js/pdfjs/web/locale/wo/viewer.properties'/>
<file href='js/pdfjs/web/locale/xh/viewer.properties'/>
<file href='js/pdfjs/web/locale/zh-CN/viewer.properties'/>
<file href='js/pdfjs/web/locale/zh-TW/viewer.properties'/>
<file href='js/pdfjs/web/locale/zu/viewer.properties'/>
<file href='js/pdfjs/web/viewer.css'/>
<file href='js/pdfjs/web/viewer.html'/>
<file href='js/pdfjs/web/viewer.js'/>
<file href='js/svg.min.js'/>
<file href='js/tincan.js'/>
<file href='metadata.xml'/>
<file href='scormlaunch.html'/>
<file href='tincan.html'/>
<file href='tincan.xml'/>
<file href='views/mainmenu.html'/>
<file href='views/p0.html'/>
<file href='views/p1.html'/>
<file href='views/screenfooter.html'/>
<file href='views/screenheader.html'/>
</resource>
</resources>

</manifest>
