﻿<?xml version="1.0" encoding="UTF-8"?>

<lom xmlns="http://www.imsglobal.org/xsd/imsmd_rootv1p2p1" xmlns:xsi="http://www.w3.org/2001/XMLSchema-instance" xsi:schemaLocation="http://www.imsglobal.org/xsd/imsmd_rootv1p2p1 imsmd_rootv1p2p1.xsd">
  <general>
    <title>
      <langstring>HTML5</langstring>
    </title>
    <catalogentry>
      <catalog>SHIFT eLearning</catalog>
	    <entry>
        <langstring>HTML5</langstring>
		</entry>
	  </catalogentry>
    <language>es</language>
	  <description>
	    <langstring>.</langstring>
    </description>
	  <keyword>
       <langstring>SHIFT eLearning</langstring>
     </keyword>
    <aggregationlevel>
      <source>
        <langstring xml:lang="x-none">LOMv1.0</langstring>
      </source>
      <value>
        <langstring xml:lang="x-none"></langstring>
      </value>
    </aggregationlevel>
  </general>
  <lifecycle>
    <version>
      <langstring>1.0.0</langstring>
    </version>
    <status>
      <source>
        <langstring xml:lang="x-none">LOMv1.0</langstring>
      </source>
      <value>
        <langstring xml:lang="x-none"></langstring>
      </value>
    </status>
  </lifecycle>
  <metametadata>
    <metadatascheme>ADL SCORM 1.2</metadatascheme>
  </metametadata>
  <technical>
    <format>text/html</format>
    <location>app.html</location>
    <requirement>
      <type>
          <source>
            <langstring xml:lang="x-none">LOMv1.0</langstring>
          </source>
          <value>
            <langstring xml:lang="x-none">Browser</langstring>
          </value>
        </type>
        <name>
          <source>
            <langstring xml:lang="x-none">LOMv1.0</langstring>
          </source>
          <value>
            <langstring xml:lang="x-none">Microsoft Internet Explorer</langstring>
          </value>
        </name>
      <minimumversion>4.0</minimumversion>
    </requirement>
    <requirement>
      <type>
        <source>
          <langstring xml:lang="x-none">LOMv1.0</langstring>
        </source>
        <value>
          <langstring xml:lang="x-none">Browser</langstring>
        </value>
      </type>
      <name>
        <source>
          <langstring xml:lang="x-none">LOMv1.0</langstring>
        </source>
        <value>
          <langstring xml:lang="x-none">Netscape Communicator</langstring>
        </value>
      </name>
      <minimumversion>4.0</minimumversion>
    </requirement>
  </technical>
  <educational>
    <interactivitytype>
      <source>
        <langstring xml:lang="x-none">LOMv1.0</langstring>
      </source>
      <value>
        <langstring xml:lang="x-none"></langstring>
      </value>
    </interactivitytype>
    <typicallearningtime>
      <datetime></datetime>
    </typicallearningtime>
    <description>
      <langstring>null</langstring>
    </description>
    <language>en</language>
  </educational>
  <rights>
    <cost>
      <source>
        <langstring xml:lang="x-none">LOMv1.0</langstring>
      </source>
      <value>
        <langstring xml:lang="x-none"></langstring>
      </value>
    </cost>
    <copyrightandotherrestrictions>
      <source>
        <langstring xml:lang="x-none">LOMv1.0</langstring>
      </source>
      <value>
        <langstring xml:lang="x-none"></langstring>
      </value>
    </copyrightandotherrestrictions>
    <description>
      <langstring></langstring>
    </description>
  </rights>
  <classification>
    <purpose>
      <source>
        <langstring xml:lang="x-none">LOMv1.0</langstring>
      </source>
      <value>
        <langstring xml:lang="x-none"></langstring>
      </value>
    </purpose>
    <description>
      <langstring></langstring>
    </description>
	  <keyword>
       <langstring>SHIFT eLearning</langstring>
     </keyword>
  </classification>
</lom>
