{
	"id": "5096a4c09e",
	"name": "Cabecera",
	"type": 1,
	"layout": 1,
	"description": "",
	"template": {
		"type": 2,
		"mobile": {
			"preserveContentLocation": true,
			"containersInDesktopOrder": true,
			"cells": [
				{
					"rowspan": 1,
					"id": 1
				}
			],
			"containersStyle": [
				{
					"background": {
						"active": false,
						"type": "image",
						"color": {
							"color": "ffffff",
							"transparency": "70"
						},
						"gradient": {
							"startColor": "ffffff",
							"endColor": "ffffff",
							"direction": "V"
						},
						"arrContainers": [
							{
								"idC": 1,
								"active": true,
								"readonly": true
							}
						],
						"imageFlipH": false,
						"imageFlipV": false,
						"imageTransparency": "100",
						"backgroundImage": "img/",
						"allModulesActive": false,
						"fileName": "container_background_5096a4c09e_0.jpg",
						"imageData": {
							"width": 340,
							"height": 113
						},
						"allContainersActive": true,
						"activeContainerId": 1,
						"time": null
					},
					"bg_btnconfirm": {
						"active": false,
						"color": {
							"color": "cccccc",
							"transparency": "100"
						}
					},
					"bg_btnsolution": {
						"active": false,
						"color": {
							"color": "cccccc",
							"transparency": "100"
						}
					},
					"bg_btnSkipQuestion": {
						"active": false,
						"color": {
							"color": "cccccc",
							"transparency": "100"
						}
					},
					"bg_btnTrueFalse": {
						"active": false,
						"color": {
							"color": "cccccc",
							"transparency": "100"
						}
					},
					"bg_btnTrueFalseImage": {
						"active": false,
						"color": {
							"color": "cccccc",
							"transparency": "100"
						}
					},
					"option_evaluation": {
						"active": false,
						"type": "color",
						"color": {
							"color": "ffffff",
							"transparency": "100"
						},
						"gradient": {
							"startColor": "ffffff",
							"endColor": "ffffff",
							"direction": "V"
						}
					},
					"buttons": {
						"active": false,
						"color": {
							"color": "ffffff",
							"transparency": "100"
						}
					},
					"corner": {
						"active": false,
						"borderRadius": {
							"topLeft": 0,
							"topRight": 0,
							"bottomLeft": 0,
							"bottomRight": 0
						},
						"arrContainers": [
							{
								"idC": 1,
								"active": true,
								"readonly": true
							}
						],
						"chain": true,
						"allContainersActive": true
					},
					"border": {
						"active": false,
						"color": {
							"color": "ffffff",
							"transparency": "100"
						},
						"arrContainers": [
							{
								"idC": 1,
								"active": true,
								"readonly": true
							}
						],
						"borderWidth": "0",
						"borderType": "interno",
						"allContainersActive": true
					},
					"shadow": {
						"active": false,
						"activeColor": "color",
						"color": "000000",
						"transparency": 30,
						"offsetX": 0,
						"offsetY": 0,
						"blur": 0,
						"arrContainers": [
							{
								"idC": 1,
								"active": true,
								"readonly": true
							}
						],
						"allContainersActive": true
					},
					"expand_container": {
						"active": false,
						"expand": {
							"Left": 0,
							"Right": 0,
							"Top": 0,
							"Buttom": 0
						},
						"Chain": false,
						"arrContainers": []
					},
					"expand_container_mobile": {
						"active": false,
						"expand": {
							"Left": 0,
							"Right": 0,
							"Top": 0,
							"Buttom": 0
						},
						"Chain": false,
						"arrContainers": []
					},
					"general_feedback": {
						"active": false,
						"type": "color",
						"color": {
							"color": "ffffff",
							"transparency": "100"
						},
						"gradient": {
							"startColor": "ffffff",
							"endColor": "ffffff",
							"direction": "V"
						}
					}
				}
			]
		},
		"desktop": {
			"columns": 1,
			"rows": [
				{
					"cells": [
						{
							"rowspan": 1,
							"colspan": 1
						}
					]
				}
			],
			"containersStyle": [
				{
					"background": {
						"active": false,
						"type": "image",
						"color": {
							"color": "ffffff",
							"transparency": "70"
						},
						"gradient": {
							"startColor": "ffffff",
							"endColor": "ffffff",
							"direction": "V"
						},
						"arrContainers": [
							{
								"idC": 1,
								"active": true,
								"readonly": true
							}
						],
						"imageFlipH": false,
						"imageFlipV": false,
						"imageTransparency": "100",
						"backgroundImage": "img/",
						"allModulesActive": false,
						"fileName": "container_background_5096a4c09e_0.jpg",
						"imageData": {
							"width": 340,
							"height": 113
						},
						"allContainersActive": true,
						"activeContainerId": 1,
						"time": null
					},
					"bg_btnconfirm": {
						"active": false,
						"color": {
							"color": "cccccc",
							"transparency": "100"
						}
					},
					"bg_btnsolution": {
						"active": false,
						"color": {
							"color": "cccccc",
							"transparency": "100"
						}
					},
					"bg_btnSkipQuestion": {
						"active": false,
						"color": {
							"color": "cccccc",
							"transparency": "100"
						}
					},
					"bg_btnTrueFalse": {
						"active": false,
						"color": {
							"color": "cccccc",
							"transparency": "100"
						}
					},
					"bg_btnTrueFalseImage": {
						"active": false,
						"color": {
							"color": "cccccc",
							"transparency": "100"
						}
					},
					"option_evaluation": {
						"active": false,
						"type": "color",
						"color": {
							"color": "ffffff",
							"transparency": "100"
						},
						"gradient": {
							"startColor": "ffffff",
							"endColor": "ffffff",
							"direction": "V"
						}
					},
					"buttons": {
						"active": false,
						"color": {
							"color": "ffffff",
							"transparency": "100"
						}
					},
					"corner": {
						"active": false,
						"borderRadius": {
							"topLeft": 0,
							"topRight": 0,
							"bottomLeft": 0,
							"bottomRight": 0
						},
						"arrContainers": [
							{
								"idC": 1,
								"active": true,
								"readonly": true
							}
						],
						"chain": true,
						"allContainersActive": true
					},
					"border": {
						"active": false,
						"color": {
							"color": "ffffff",
							"transparency": "100"
						},
						"arrContainers": [
							{
								"idC": 1,
								"active": true,
								"readonly": true
							}
						],
						"borderWidth": "0",
						"borderType": "interno",
						"allContainersActive": true
					},
					"shadow": {
						"active": false,
						"activeColor": "color",
						"color": "000000",
						"transparency": 30,
						"offsetX": 0,
						"offsetY": 0,
						"blur": 0,
						"arrContainers": [
							{
								"idC": 1,
								"active": true,
								"readonly": true
							}
						],
						"allContainersActive": true
					},
					"expand_container": {
						"active": false,
						"expand": {
							"Left": 0,
							"Right": 0,
							"Top": 0,
							"Buttom": 0
						},
						"Chain": false,
						"arrContainers": []
					},
					"expand_container_mobile": {
						"active": false,
						"expand": {
							"Left": 0,
							"Right": 0,
							"Top": 0,
							"Buttom": 0
						},
						"Chain": false,
						"arrContainers": []
					},
					"general_feedback": {
						"active": false,
						"type": "color",
						"color": {
							"color": "ffffff",
							"transparency": "100"
						},
						"gradient": {
							"startColor": "ffffff",
							"endColor": "ffffff",
							"direction": "V"
						}
					}
				}
			]
		},
		"containersStyle": [
			{
				"background": {
					"active": false,
					"type": "image",
					"color": {
						"color": "ffffff",
						"transparency": "70"
					},
					"gradient": {
						"startColor": "ffffff",
						"endColor": "ffffff",
						"direction": "V"
					},
					"arrContainers": [
						{
							"idC": 1,
							"active": true,
							"readonly": true
						}
					],
					"imageFlipH": false,
					"imageFlipV": false,
					"imageTransparency": "100",
					"backgroundImage": "img/",
					"allModulesActive": false,
					"fileName": "container_background_5096a4c09e_0.jpg",
					"imageData": {
						"width": 340,
						"height": 113
					},
					"allContainersActive": true,
					"activeContainerId": 1,
					"time": null
				},
				"bg_btnconfirm": {
					"active": false,
					"color": {
						"color": "cccccc",
						"transparency": "100"
					}
				},
				"bg_btnsolution": {
					"active": false,
					"color": {
						"color": "cccccc",
						"transparency": "100"
					}
				},
				"bg_btnSkipQuestion": {
					"active": false,
					"color": {
						"color": "cccccc",
						"transparency": "100"
					}
				},
				"bg_btnTrueFalse": {
					"active": false,
					"color": {
						"color": "cccccc",
						"transparency": "100"
					}
				},
				"bg_btnTrueFalseImage": {
					"active": false,
					"color": {
						"color": "cccccc",
						"transparency": "100"
					}
				},
				"option_evaluation": {
					"active": false,
					"type": "color",
					"color": {
						"color": "ffffff",
						"transparency": "100"
					},
					"gradient": {
						"startColor": "ffffff",
						"endColor": "ffffff",
						"direction": "V"
					}
				},
				"buttons": {
					"active": false,
					"color": {
						"color": "ffffff",
						"transparency": "100"
					}
				},
				"corner": {
					"active": false,
					"borderRadius": {
						"topLeft": 0,
						"topRight": 0,
						"bottomLeft": 0,
						"bottomRight": 0
					},
					"arrContainers": [
						{
							"idC": 1,
							"active": true,
							"readonly": true
						}
					],
					"chain": true,
					"allContainersActive": true
				},
				"border": {
					"active": false,
					"color": {
						"color": "ffffff",
						"transparency": "100"
					},
					"arrContainers": [
						{
							"idC": 1,
							"active": true,
							"readonly": true
						}
					],
					"borderWidth": "0",
					"borderType": "interno",
					"allContainersActive": true
				},
				"shadow": {
					"active": false,
					"activeColor": "color",
					"color": "000000",
					"transparency": 30,
					"offsetX": 0,
					"offsetY": 0,
					"blur": 0,
					"arrContainers": [
						{
							"idC": 1,
							"active": true,
							"readonly": true
						}
					],
					"allContainersActive": true
				},
				"expand_container": {
					"active": false,
					"expand": {
						"Left": 0,
						"Right": 0,
						"Top": 0,
						"Buttom": 0
					},
					"Chain": false,
					"arrContainers": []
				},
				"expand_container_mobile": {
					"active": false,
					"expand": {
						"Left": 0,
						"Right": 0,
						"Top": 0,
						"Buttom": 0
					},
					"Chain": false,
					"arrContainers": []
				},
				"general_feedback": {
					"active": false,
					"type": "color",
					"color": {
						"color": "ffffff",
						"transparency": "100"
					},
					"gradient": {
						"startColor": "ffffff",
						"endColor": "ffffff",
						"direction": "V"
					}
				}
			}
		]
	},
	"currentTemplateType": "mobile",
	"param": [
		{
			"id": "layout",
			"value": 1
		},
		{
			"id": "module-to-evaluate-active",
			"value": "false"
		},
		{
			"id": "module-to-evaluate",
			"value": "1"
		},
		{
			"id": "approbal-note",
			"value": "80"
		},
		{
			"id": "visual-feedback",
			"value": "true"
		},
		{
			"id": "general-feedback",
			"value": "false"
		},
		{
			"id": "specific-feedback",
			"value": "true"
		},
		{
			"id": "review-active",
			"value": "false"
		},
		{
			"id": "review-url",
			"value": ""
		},
		{
			"id": "random",
			"value": "true"
		},
		{
			"id": "max-time-exercises-active",
			"value": "false"
		},
		{
			"id": "max-time-exercises",
			"value": "120"
		},
		{
			"id": "number-of-attemps",
			"value": "1"
		},
		{
			"id": "alert-afirmation-title",
			"value": "Alerta"
		},
		{
			"id": "alert-afirmation-message",
			"value": "Por favor seleccione una opción."
		},
		{
			"id": "alert-afirmation-button",
			"value": "Aceptar"
		},
		{
			"id": "alert-try-again-title",
			"value": "Intente de nuevo"
		},
		{
			"id": "alert-try-again-message",
			"value": "Su respuesta es incorrecta. Presione Aceptar para intentarlo una vez más."
		},
		{
			"id": "alert-try-again-button",
			"value": "Aceptar"
		},
		{
			"id": "alert-max-time-title",
			"value": "Tiempo Máximo"
		},
		{
			"id": "alert-max-time-message",
			"value": "El tiempo para resolver este ejercicio ha terminado. Por favor repase el contenido o presione Avanzar."
		},
		{
			"id": "alert-max-time-button",
			"value": "Aceptar"
		},
		{
			"id": "alert-review-title",
			"value": "Repaso"
		},
		{
			"id": "alert-review-message",
			"value": "Su respuesta es incorrecta, por lo cual le sugerimos que repase el contenido y realice el ejercicio de nuevo. Presione Repasar Contenido para acceder a la información."
		},
		{
			"id": "alert-review-button",
			"value": "Repasar Contenido"
		},
		{
			"id": "is-test",
			"value": "false"
		},
		{
			"id": "visibles-exercises",
			"value": "1"
		},
		{
			"id": "random-exercises",
			"value": "false"
		},
		{
			"id": "correct-answer-custom-text-active",
			"value": "false"
		},
		{
			"id": "view-correct-answer-text",
			"value": "Repuesta Correcta"
		},
		{
			"id": "view-my-answer-text",
			"value": "Mi Respuesta"
		},
		{
			"id": "auto-advance",
			"value": "false"
		},
		{
			"id": "exploration-in-order-title",
			"value": "Advertencia"
		},
		{
			"id": "exploration-in-order-message",
			"value": "Por favor descubra los elementos de forma ordenada. Una vez que los haya visto todos, avance en el curso."
		},
		{
			"id": "exploration-in-order-button-ok",
			"value": "Aceptar"
		},
		{
			"id": "block-next-button-alert-title",
			"value": "Advertencia"
		},
		{
			"id": "block-next-button-alert",
			"value": "Por favor visualice la pantalla completa antes de avanzar en el curso."
		},
		{
			"id": "block-next-button-alert-button",
			"value": "Aceptar"
		},
		{
			"id": "cc",
			"value": ""
		},
		{
			"id": "visual-feedback-correct",
			"value": "false"
		},
		{
			"id": "visual-feedback-incorrect",
			"value": "false"
		},
		{
			"id": "test-value",
			"value": "0"
		},
		{
			"id": "view-correct-answer-text-sm",
			"value": "Repuestas Correctas"
		},
		{
			"id": "view-my-answer-text-sm",
			"value": "Mis Respuestas"
		},
		{
			"id": "celindex-options-evaluation",
			"value": "-1"
		},
		{
			"id": "max-time-evaluation",
			"value": "120"
		},
		{
			"id": "alert-selected-multiple-title",
			"value": "Alerta"
		},
		{
			"id": "alert-selected-multiple-message",
			"value": "Un ejercicio de Selección Múltiple debe contener al menos 2 ítems seleccionado como respuesta correcta."
		},
		{
			"id": "alert-selected-multiple-button",
			"value": "Aceptar"
		},
		{
			"id": "alert-selected-multiple-message-template",
			"value": "Esta pregunta o enunciado cuenta con varias opciones correctas."
		},
		{
			"id": "alert-afirmation-message-fv",
			"value": "Por favor seleccione una respuesta para cada afirmación."
		},
		{
			"id": "alert-afirmation-message-fv-images",
			"value": "Por favor seleccione una respuesta para cada imagen."
		},
		{
			"id": "alert-afirmation-message-formativo",
			"value": "Por favor anote su respuesta."
		},
		{
			"id": "alert-review-message-formativo",
			"value": "Para ampliar sus conocimientos sobre este tema presione Repasar Contenido para acceder a la información."
		},
		{
			"id": "screen-interface-gradient-direction",
			"value": "V"
		},
		{
			"id": "screen-interface-type",
			"value": "inherit"
		},
		{
			"id": "interface-color",
			"value": "false"
		},
		{
			"id": "alert-afirmation-title-visible",
			"value": "false"
		},
		{
			"id": "alert-afirmation-title-title",
			"value": "Alerta"
		},
		{
			"id": "alert-afirmation-title-msg-visible",
			"value": "Esta pregunta o enunciado cuenta con varias opciones correctas."
		},
		{
			"id": "alert-afirmation-title-button-visible",
			"value": "Aceptar"
		}
	],
	"image": [],
	"sequence": [],
	"scenarioBuilder": [],
	"video": [],
	"pdf": [],
	"evaluation": [],
	"survey": [],
	"audio": [],
	"text": [
		{
			"id": "t2869100",
			"param": [
				{
					"id": "desktop-cell-index",
					"value": "1"
				},
				{
					"id": "mobile-cell-index",
					"value": "1"
				}
			],
			"content": "<p style=\"text-align: justify;\"> </p>\n<p><img style=\"display: block; margin-left: auto; margin-right: auto;\" src=\"https://www.fullstackpython.com/img/logos/html.jpg\" alt=\"Hypertext Markup Language (HTML) - Full Stack Python\" width=\"326\" height=\"100\" /></p>\n<p> </p>\n<p style=\"text-align: justify;\"><strong>HTML significa HyperText Markup Language, es decir, Lenguaje de Marcas de Hipertexto, que podría ser traducido como Lenguaje de Formato de Documentos para Hipertexto. </strong></p>\n<p style=\"text-align: justify;\"><strong> <br /> </strong></p>\n<p style=\"text-align: justify;\"><strong>Existen otras dos tecnologías que funcionan de la mano de HTML, las cuales son CSS y JavaScrippt, para dejarlo más claro HTML funciona como la estructura de la página, como si fuese el esqueleto de la misma, CSS se encarga del diseño parcial de esta y JavaScript le proporciona interactividad.</strong></p>\n<p style=\"text-align: justify;\"><strong> <br /> </strong></p>\n<p style=\"text-align: justify;\"><strong>En pocas palabras HTML funciona como el esqueleto de la página dándole estructura y forma, CSS como la piel y vestimenta, encargándose de lo estético y JavaScript como el cerebro, ya que es el lenguaje de programación que consigue darle interactividad.</strong></p>\n<p> <img style=\"display: block; margin-left: auto; margin-right: auto;\" src=\"https://blog.occamagenciadigital.com/hs-fs/hubfs/occam_web_technologies_CSS_JavaScript_HTML.jpg?width=647&amp;name=occam_web_technologies_CSS_JavaScript_HTML.jpg\" alt=\"El papel de JavaScript en el desarrollo de Apps móviles\" width=\"303\" height=\"189\" /></p>\n<p style=\"text-align: justify;\"> </p>"
		}
	],
	"hotspots": [],
	"interactions": [],
	"animationGenially": []
}